,Unnamed: 0,payment_date,volume,is_workday,lag_30,lag_61,lag_91,ewm_7,ewm_30,ewm_91
0,0,2025-02-01,1741.0,0,0.0,0.0,0.0,1741.0,1741.0,1741.0
1,1,2025-02-02,1375.0,0,0.0,0.0,0.0,1649.5,1717.3870967741937,1733.0434782608695
2,2,2025-02-03,0.0,1,0.0,0.0,0.0,1237.125,1606.5879292403747,1695.3686200378072
3,3,2025-02-04,1312.0,1,0.0,0.0,0.0,1255.84375,1587.5822563861573,1687.0345196022026
4,4,2025-02-05,825.0,1,0.0,0.0,0.0,1148.1328125,1538.3834011354375,1668.2946387412853
5,5,2025-02-06,429.0,1,0.0,0.0,0.0,968.349609375,1466.8102784815385,1641.3534509425617
6,6,2025-02-07,520.0,1,0.0,0.0,0.0,856.26220703125,1405.7257443859553,1616.976202009028
7,7,2025-02-08,1187.0,0,0.0,0.0,0.0,938.9466552734375,1391.6144060384743,1607.6288932697014
8,8,2025-02-09,1280.0,0,0.0,0.0,0.0,1024.2099914550781,1384.4134766166371,1600.506526024708
9,9,2025-02-10,0.0,1,0.0,0.0,0.0,768.1574935913086,1295.0964781252412,1565.712905893736
10,10,2025-02-11,0.0,1,0.0,0.0,0.0,576.1181201934814,1211.5418666332903,1531.6756688090895
11,11,2025-02-12,437.0,1,0.0,0.0,0.0,541.3385901451111,1161.571423624691,1507.8783716610658
12,12,2025-02-13,1157.0,1,0.0,0.0,0.0,695.2539426088333,1161.2764930682595,1500.2505809727818
13,13,2025-02-14,2004.0,1,0.0,0.0,0.0,1022.440456956625,1215.6457515799848,1511.2016552994603
14,14,2025-02-15,2462.0,0,0.0,0.0,0.0,1382.3303427174687,1296.0557030909536,1531.8711845320806
15,15,2025-02-16,1435.0,0,0.0,0.0,0.0,1395.4977570381016,1305.019851278634,1529.765289216166
16,16,2025-02-17,2215.0,1,0.0,0.0,0.0,1600.3733177785762,1363.7282479703351,1544.6616959723362
17,17,2025-02-18,1738.0,1,0.0,0.0,0.0,1634.7799883339321,1387.8748126174105,1548.8647025816333
18,18,2025-02-19,1748.0,1,0.0,0.0,0.0,1663.084991250449,1411.1086956743518,1553.1937307863805
19,19,2025-02-20,1150.0,1,0.0,0.0,0.0,1534.8137434378368,1394.2629733727808,1544.4286496823288
20,20,2025-02-21,1703.0,1,0.0,0.0,0.0,1576.8603075783776,1414.1814912196983,1547.8758529501042
21,21,2025-02-22,1732.0,0,0.0,0.0,0.0,1615.6452306837832,1434.685911141008,1551.878551799015
22,22,2025-02-23,1701.0,0,0.0,0.0,0.0,1636.9839230128373,1451.8674652609432,1555.12032241208
23,23,2025-02-24,465.0,1,0.0,0.0,0.0,1343.987942259628,1388.1985965344309,1531.4220545335565
24,24,2025-02-25,1826.0,1,0.0,0.0,0.0,1464.490956694721,1416.443848370919,1537.8259229132618
25,25,2025-02-26,1940.0,1,0.0,0.0,0.0,1583.3682175210408,1450.2216646050535,1546.5688376325388
26,26,2025-02-27,1520.0,1,0.0,0.0,0.0,1567.5261631407807,1454.72349269505,1545.9912542057446
27,27,2025-02-28,2345.0,1,0.0,0.0,0.0,1761.8946223555854,1512.1606867147243,1563.361009549098
28,28,2025-03-01,1528.0,0,0.0,0.0,0.0,1703.4209667666892,1513.1825778944196,1562.5922919502045
29,29,2025-03-02,1758.0,0,0.0,0.0,0.0,1717.0657250750169,1528.9772502883282,1566.8402856034609
30,30,2025-03-03,2016.0,1,1741.0,0.0,0.0,1791.7992938062625,1560.3980728503716,1576.604627220777
31,31,2025-03-04,1985.0,1,1375.0,0.0,0.0,1840.099470354697,1587.7917455697025,1585.4827874985863
32,32,2025-03-05,910.0,1,0.0,0.0,0.0,1607.5746027660227,1544.0632458555283,1570.7983790747041
33,33,2025-03-06,2014.0,1,1312.0,0.0,0.0,1709.180952074517,1574.3817461229137,1580.4331969209063
34,34,2025-03-07,787.0,1,825.0,0.0,0.0,1478.6357140558878,1523.582923792403,1563.1846491617562
35,35,2025-03-08,472.0,0,429.0,0.0,0.0,1226.976785541916,1455.7388641928933,1539.4632437451965
36,36,2025-03-09,1781.0,0,520.0,0.0,0.0,1365.482589156437,1476.7234535998036,1544.7140427942138
37,37,2025-03-10,1077.0,1,1187.0,0.0,0.0,1293.3619418673277,1450.934843690139,1534.546346211731
38,38,2025-03-11,1422.0,1,1280.0,0.0,0.0,1325.5214564004957,1449.0680795810977,1532.0996865114757
39,39,2025-03-12,1694.0,1,0.0,0.0,0.0,1417.6410923003718,1464.8701389629623,1535.619258543835
40,40,2025-03-13,2135.0,1,0.0,0.0,0.0,1596.980819225279,1508.104323545997,1548.6492746624472
41,41,2025-03-14,1421.0,1,437.0,0.0,0.0,1552.9856144189594,1502.484689768836,1545.8742904306548
42,42,2025-03-15,1992.0,0,1157.0,0.0,0.0,1662.7392108142194,1534.0663226869756,1555.5726754212928
43,43,2025-03-16,1344.0,0,2004.0,0.0,0.0,1583.0544081106646,1521.803979287816,1550.9732694338734
44,44,2025-03-17,2240.0,1,2462.0,0.0,0.0,1747.2908060829984,1568.1392064305376,1565.9521114027023
45,45,2025-03-18,1984.0,1,1435.0,0.0,0.0,1806.4681045622488,1594.9689350479223,1575.0401089809045
46,46,2025-03-19,1824.0,1,2215.0,0.0,0.0,1810.8510784216865,1609.7451327867661,1580.452280524798
47,47,2025-03-20,891.0,1,1738.0,0.0,0.0,1580.8883088162647,1563.374479058588,1565.464187469911
48,48,2025-03-21,1410.0,1,1748.0,0.0,0.0,1538.1662316121985,1553.4793513773889,1562.0845312205652
49,49,2025-03-22,961.0,0,1150.0,0.0,0.0,1393.874673709149,1515.2548770949768,1549.0174761940311
50,50,2025-03-23,619.0,0,1703.0,0.0,0.0,1200.1560052818618,1457.4319817985267,1528.7997049724218
51,51,2025-03-24,942.0,1,1732.0,0.0,0.0,1135.6170039613962,1424.1783055534606,1516.0431896469345
52,52,2025-03-25,1453.0,1,1701.0,0.0,0.0,1214.9627529710472,1426.037769711302,1514.6726855241752
53,53,2025-03-26,1083.0,1,465.0,0.0,0.0,1181.9720647282854,1403.9063006976698,1505.2884967084321
54,54,2025-03-27,1058.0,1,1826.0,0.0,0.0,1150.979048546214,1381.589765168788,1495.5648337365096
55,55,2025-03-28,818.0,1,1940.0,0.0,0.0,1067.7342864096604,1345.2291351578986,1480.8351634378898
56,56,2025-03-29,1752.0,0,1520.0,0.0,0.0,1238.8007148072452,1371.4724167606148,1486.7300511892402
57,57,2025-03-30,490.0,0,2345.0,0.0,0.0,1051.600536105434,1314.6032285825106,1465.0620065981698
58,58,2025-03-31,1158.0,1,1528.0,0.0,0.0,1078.2004020790755,1304.4997944804134,1458.3867455851662
59,59,2025-04-01,0.0,1,1758.0,0.0,0.0,808.6503015593066,1220.338517417161,1426.682685898532
60,60,2025-04-02,1322.0,1,2016.0,0.0,0.0,936.98772616948,1226.897322745086,1424.4069753355204
61,61,2025-04-03,586.0,1,1985.0,1741.0,0.0,849.24079462711,1185.5491083744353,1406.1807367412698
62,62,2025-04-04,996.0,1,910.0,1375.0,0.0,885.9305959703324,1173.3201336406007,1397.2637642034163
63,63,2025-04-05,629.0,0,2014.0,0.0,0.0,821.6979469777493,1138.2027056637878,1380.5623780250812
64,64,2025-04-06,915.0,0,787.0,1312.0,0.0,845.023460233312,1123.8025311048339,1370.4414567636663
65,65,2025-04-07,1428.0,1,472.0,825.0,0.0,990.767595174984,1143.4281742593607,1371.692729442717
66,66,2025-04-08,1238.0,1,1781.0,429.0,0.0,1052.575696381238,1149.5295823716601,1368.7863657591797
67,67,2025-04-09,1298.0,1,1077.0,520.0,0.0,1113.9317722859284,1159.1083189928434,1367.2475317209366
68,68,2025-04-10,1053.0,1,1422.0,1187.0,0.0,1098.6988292144463,1152.2626209933053,1360.4160636400466
69,69,2025-04-11,1430.0,1,1694.0,1280.0,0.0,1181.5241219108348,1170.1811615743825,1361.9287579087413
70,70,2025-04-12,329.0,0,2135.0,0.0,0.0,968.3930914331261,1115.911409214745,1339.4737849107253
71,71,2025-04-13,0.0,0,1421.0,0.0,0.0,726.2948185748446,1043.9171247492775,1310.354789586579
72,72,2025-04-14,680.0,1,1992.0,437.0,0.0,714.7211139311335,1020.4386005719048,1296.6514245955666
73,73,2025-04-15,971.0,1,1344.0,1157.0,0.0,778.7908354483501,1017.2490134382335,1289.572045800011
74,74,2025-04-16,168.0,1,2240.0,2004.0,0.0,626.0931265862625,962.4587545067346,1265.1900448043586
75,75,2025-04-17,193.0,1,1984.0,2462.0,0.0,517.8198449396968,912.8162542159777,1241.8815655694812
76,76,2025-04-18,133.0,1,1824.0,1435.0,0.0,421.61488370477264,862.5055281375276,1217.7754445788403
77,77,2025-04-19,272.0,0,891.0,2215.0,0.0,384.2111627785795,824.4083972899451,1197.2151088271262
78,78,2025-04-20,910.0,0,1410.0,1738.0,0.0,515.6583720839346,829.9304361744648,1190.971302113493
79,79,2025-04-21,461.0,1,961.0,1748.0,0.0,501.993779062951,806.1284725503059,1175.1023607631996
80,80,2025-04-22,453.0,1,619.0,1150.0,0.0,489.7453342972132,783.3459904502862,1159.404483355304
81,81,2025-04-23,661.0,1,942.0,1703.0,0.0,532.5590007229099,775.4527007438162,1148.5696032823626
82,82,2025-04-24,297.0,1,1453.0,1732.0,0.0,473.66925054218245,744.5847845667959,1130.0572206023112
83,83,2025-04-25,0.0,1,1083.0,1701.0,0.0,355.25193790663684,696.5470565302285,1105.4907592848697
84,84,2025-04-26,941.0,0,1058.0,465.0,0.0,501.68895342997763,712.3182141734396,1101.9148732134595
85,85,2025-04-27,499.0,0,818.0,1826.0,0.0,501.01671507248324,698.5557487428953,1088.8080281436016
86,86,2025-04-28,790.0,1,1752.0,1940.0,0.0,573.2625363043624,704.455377856257,1082.3122014448277
87,87,2025-04-29,908.0,1,490.0,1520.0,0.0,656.9469022282717,717.587288962305,1078.5228057612444
88,88,2025-04-30,714.0,1,1158.0,2345.0,0.0,671.2101766712037,717.3558509647371,1070.5983969403478
89,89,2025-05-01,236.0,1,0.0,1528.0,0.0,562.4076325034027,686.3006347734638,1052.4549535286012
90,90,2025-05-02,293.0,1,1322.0,1758.0,0.0,495.05572437755205,660.92640027195,1035.945063234501
91,91,2025-05-03,318.0,0,586.0,2016.0,1741.0,450.79179328316405,638.8021163834371,1020.337561859838
92,92,2025-05-04,503.0,0,996.0,1985.0,1375.0,463.84384496237305,630.0406895199897,1009.0910931237546
93,93,2025-05-05,954.0,1,629.0,910.0,0.0,586.3828837217798,650.9412901961193,1007.8934606645425
94,94,2025-05-06,682.0,1,915.0,2014.0,1312.0,610.2871627913348,652.945077925402,1000.8088202153134
95,95,2025-05-07,0.0,1,1428.0,787.0,825.0,457.7153720935011,610.819589026989,979.0521067323718
96,96,2025-05-08,525.0,1,1238.0,472.0,429.0,474.5365290701258,605.2828413478285,969.181408759929
97,97,2025-05-09,982.0,1,1298.0,1781.0,520.0,601.4023968025944,629.5871741640976,969.460073786887
98,98,2025-05-10,181.0,0,1053.0,1077.0,1187.0,496.30179760194574,600.6460661535107,952.3196374002156
99,99,2025-05-11,810.0,0,1430.0,1422.0,1280.0,574.7263482014594,614.1527715629617,949.2257322393413
100,100,2025-05-12,681.0,1,329.0,1694.0,0.0,601.2947611510945,618.4654959782545,943.3947380602252
101,101,2025-05-13,766.0,1,0.0,2135.0,0.0,642.4710708633208,627.9838510764316,939.5383307110899
102,102,2025-05-14,976.0,1,680.0,1421.0,437.0,725.8533031474906,650.4365058456941,940.3309756956314
103,103,2025-05-15,591.0,1,971.0,1992.0,1157.0,692.1399773606179,646.6018925653268,932.7368240500742
104,104,2025-05-16,136.0,1,168.0,1344.0,2004.0,553.1049830204634,613.659834980467,915.4164583098552
105,105,2025-05-17,801.0,0,193.0,2240.0,2462.0,615.0787372653475,625.7462972397917,912.9291439987715
106,106,2025-05-18,792.0,0,133.0,1984.0,1435.0,659.3090529490106,636.47234257916,910.3002495640156
107,107,2025-05-19,0.0,1,272.0,1824.0,2215.0,494.481789711758,595.4096107998594,890.5111137039283
108,108,2025-05-20,615.0,1,910.0,891.0,1738.0,524.6113422838184,596.6735068772878,884.5217416668864
109,109,2025-05-21,426.0,1,461.0,1410.0,1748.0,499.9585067128638,585.6623128852048,874.5538777176063
110,110,2025-05-22,379.0,1,453.0,961.0,1150.0,469.7188800346479,572.329260440998,863.7809673324409
111,111,2025-05-23,252.0,1,661.0,619.0,1703.0,415.2891600259859,551.6628565415789,850.4813810860835
112,112,2025-05-24,628.0,0,297.0,942.0,1732.0,468.4668700194894,556.5878335388963,845.6448293233426
113,113,2025-05-25,979.0,0,0.0,1453.0,1701.0,596.1001525146171,583.8402313750966,848.5438547728352
114,114,2025-05-26,584.0,1,941.0,1083.0,465.0,593.0751143859628,583.8505390283161,842.7929014082083
115,115,2025-05-27,373.0,1,499.0,1058.0,1826.0,538.0563357894721,570.2472784458441,832.5800122471603
116,116,2025-05-28,430.0,1,790.0,818.0,1940.0,511.04225184210406,561.1990669332091,823.8282728504829
117,117,2025-05-29,855.0,1,908.0,1752.0,1520.0,597.031688881578,580.153965840744,824.5059190928637
118,118,2025-05-30,371.0,1,714.0,490.0,2345.0,540.5237666611836,566.6601615929541,814.647094764758
119,119,2025-05-31,0.0,0,236.0,1158.0,1528.0,405.3928249958877,530.1014414901829,796.9373753133502
120,120,2025-06-01,899.0,0,293.0,0.0,1758.0,528.7946187469158,553.9013484908162,799.1561280239297
121,121,2025-06-02,687.0,1,318.0,1322.0,2016.0,568.3459640601868,562.4883582656023,796.7179513277573
122,122,2025-06-03,131.0,1,503.0,586.0,1985.0,459.0094730451401,534.6503996678216,782.2458219510669
123,123,2025-06-04,987.0,1,954.0,996.0,910.0,591.0071047838551,563.8342448505427,786.6969997347393
124,124,2025-06-05,858.0,1,682.0,629.0,2014.0,657.7553285878913,582.8126806666368,788.2470649578971
125,125,2025-06-06,833.0,1,0.0,915.0,787.0,701.5664964409185,598.9537980429828,789.2199548501168
126,126,2025-06-07,683.0,0,525.0,1428.0,472.0,696.9248723306889,604.3761336531129,786.9108253968534
127,127,2025-06-08,371.0,0,982.0,1238.0,1781.0,615.4436542480166,589.3196089012991,777.8692857143132
128,128,2025-06-09,978.0,1,181.0,1298.0,1077.0,706.0827406860125,614.3957631657315,782.2199534161759
129,129,2025-06-10,217.0,1,810.0,1053.0,1422.0,583.8120555145093,588.7573268324586,769.93256312452
130,130,2025-06-11,159.0,1,681.0,1430.0,1694.0,477.609041635882,561.0310476819774,756.6514204479
131,131,2025-06-12,0.0,1,766.0,329.0,2135.0,358.2067812269115,524.835496218624,740.2024765251196
132,132,2025-06-13,315.0,1,976.0,0.0,1421.0,347.40508592018364,511.2977222690354,730.9589444267474
133,133,2025-06-14,603.0,0,591.0,680.0,1992.0,411.3038144401377,517.2139982516783,728.1772282435572
134,134,2025-06-15,391.0,0,136.0,971.0,1344.0,406.2278608301033,509.07115965479585,720.8472884991321
135,135,2025-06-16,449.0,1,801.0,168.0,2240.0,416.92089562257746,505.19560096738974,714.9375648361075
136,136,2025-06-17,557.0,1,792.0,193.0,1984.0,451.9406717169331,508.5378202598162,711.5041395135835
137,137,2025-06-18,676.0,1,0.0,133.0,1824.0,507.9555037876998,519.3418318559571,710.732310393723
138,138,2025-06-19,734.0,1,615.0,272.0,891.0,564.4666278407749,533.1907459297664,711.2381297329898
139,139,2025-06-20,519.0,1,426.0,910.0,1410.0,553.0999708805812,532.2752139342977,707.0590399561856
140,140,2025-06-21,689.0,0,379.0,461.0,961.0,587.0749781604359,542.3864904546656,706.6664521310512
141,141,2025-06-22,129.0,0,252.0,453.0,619.0,472.5562336203269,515.7163942963001,694.1084857803762
142,142,2025-06-23,936.0,1,628.0,661.0,942.0,588.4171752152452,542.8314656320227,699.3669969590637
143,143,2025-06-24,0.0,1,979.0,297.0,1453.0,441.31288141143386,507.81008075253743,684.1633665903885
144,144,2025-06-25,238.0,1,584.0,0.0,1083.0,390.4846610585754,490.4029787685028,674.4641629688583
145,145,2025-06-26,696.0,1,373.0,941.0,1058.0,466.8634957939315,503.667302718922,674.9323333391006
146,146,2025-06-27,422.0,1,430.0,499.0,818.0,455.6476218454486,498.39844447899156,669.433804353468
147,147,2025-06-28,292.0,0,855.0,790.0,1752.0,414.73571638408646,485.0824158029276,661.2287216501317
148,148,2025-06-29,267.0,0,371.0,908.0,490.0,377.8017872880648,471.01258252531943,652.6585320490419
149,149,2025-06-30,396.0,1,0.0,714.0,1158.0,382.3513404660486,466.17306107207304,647.078998743628
150,150,2025-07-01,974.0,1,899.0,236.0,0.0,530.2635053495364,498.9360893900038,654.1859770318099
151,151,2025-07-02,785.0,1,687.0,293.0,1322.0,593.9476290121523,517.3918255583907,657.029760139814
152,152,2025-07-03,338.0,1,131.0,318.0,586.0,529.9607217591142,505.81815939333325,650.0943305715572
153,153,2025-07-04,508.0,1,987.0,503.0,996.0,524.4705413193357,505.95892330344077,647.0053233852191
154,154,2025-07-05,868.0,0,858.0,954.0,629.0,610.3529059895018,529.3164121225736,651.8095554855404
155,155,2025-07-06,0.0,0,833.0,682.0,915.0,457.76467949212633,495.1669661791818,637.6397825402025
156,156,2025-07-07,779.0,1,683.0,0.0,1428.0,538.0735096190947,513.4787748127831,640.7128307458503
157,157,2025-07-08,259.0,1,371.0,525.0,1238.0,468.305132214321,497.0607893409906,632.4147257296362
158,158,2025-07-09,737.0,1,978.0,982.0,1298.0,535.4788491607408,512.5407384157654,634.6883186485571
159,159,2025-07-10,463.0,1,217.0,181.0,1053.0,517.3591368705556,509.34456174378056,630.9559638953276
160,160,2025-07-11,792.0,1,159.0,810.0,1430.0,586.0193526529167,527.5803964699883,634.456921201951
161,161,2025-07-12,521.0,0,0.0,681.0,329.0,569.7645144896876,527.1558547622471,631.990466393213
162,162,2025-07-13,417.0,0,315.0,766.0,0.0,531.5733858672656,520.0490254227474,627.3167606020562
163,163,2025-07-14,114.0,1,603.0,976.0,680.0,427.18003940044923,493.8523141051508,616.157700588968
164,164,2025-07-15,806.0,1,391.0,591.0,971.0,521.8850295503369,513.9908744854637,620.2847070979035
165,165,2025-07-16,921.0,1,449.0,136.0,168.0,621.6637721627526,540.249527744466,626.821996074036
166,166,2025-07-17,529.0,1,557.0,801.0,193.0,598.4978291220644,539.5237517609521,624.6954309419917
167,167,2025-07-18,0.0,1,676.0,792.0,133.0,448.8733718415483,504.7157677763746,611.1150954867311
168,168,2025-07-19,377.0,0,734.0,0.0,272.0,430.90502888116123,496.47604082306015,606.0256368891934
169,169,2025-07-20,800.0,0,519.0,615.0,910.0,523.1787716608709,516.0582317377015,610.2424708698632
170,170,2025-07-21,557.0,1,689.0,426.0,461.0,531.6340787456531,518.6996361417207,609.0850258509531
171,171,2025-07-22,755.0,1,129.0,379.0,453.0,587.4755590592399,533.944820906771,612.2570905063671
172,172,2025-07-23,761.0,1,936.0,252.0,661.0,630.8566692944299,548.5935421385923,615.4906320170984
173,173,2025-07-24,632.0,1,0.0,628.0,297.0,631.1425019708224,553.9746039361024,615.8495313210746
174,174,2025-07-25,422.0,1,238.0,979.0,0.0,578.8568764781169,545.4601133595797,611.6354110749643
175,175,2025-07-26,715.0,0,696.0,584.0,941.0,612.8926573585877,556.3981705621875,613.8824673559434
176,176,2025-07-27,916.0,0,422.0,373.0,499.0,688.6694930189408,579.5982885904335,620.4502398047273
177,177,2025-07-28,224.0,1,292.0,430.0,790.0,572.5021197642056,556.6564635200831,611.8317563307114
178,178,2025-07-29,760.0,1,267.0,855.0,908.0,619.3765898231543,569.7754013574971,615.0528051061307
179,179,2025-07-30,0.0,1,396.0,371.0,714.0,464.5324423673657,533.0156980441102,601.6820919516496
180,180,2025-07-31,939.0,1,974.0,0.0,236.0,583.1493317755243,559.2082336541677,609.0150899527007
181,181,2025-08-01,428.0,1,785.0,899.0,293.0,544.3619988316432,550.7431863216408,605.0799793015551
182,182,2025-08-02,217.0,0,338.0,687.0,318.0,462.5214991237324,529.2113678492769,596.643458012391
183,183,2025-08-03,457.0,0,508.0,131.0,503.0,461.1411243427993,524.5525699235171,593.6077306642954
184,184,2025-08-04,573.0,1,868.0,987.0,954.0,489.1058432570995,527.6782105736128,593.1597365194194
185,185,2025-08-05,331.0,1,0.0,858.0,682.0,449.5793824428246,514.989293762412,587.4606118124755
186,186,2025-08-06,450.0,1,779.0,833.0,0.0,449.68453683211845,510.7964361003209,584.472337642639
187,187,2025-08-07,743.0,1,259.0,683.0,525.0,523.0134026240888,525.7773111906229,587.9185911721469
188,188,2025-08-08,533.0,1,737.0,371.0,982.0,525.5100519680666,526.2432911138085,586.7247087553611
189,189,2025-08-09,735.0,0,463.0,978.0,181.0,577.88253897605,539.7114658806596,589.9480846519838
190,190,2025-08-10,943.0,0,792.0,217.0,810.0,669.1619042320375,565.7300809851332,597.6231262899842
191,191,2025-08-11,0.0,1,521.0,159.0,681.0,501.8714281740281,529.2313660828665,584.6313191967237
192,192,2025-08-12,462.0,1,417.0,0.0,766.0,491.9035711305211,524.8938585936494,581.9654209533167
193,193,2025-08-13,555.0,1,114.0,315.0,976.0,507.67767834789083,526.8361902972849,581.3792161499837
194,194,2025-08-14,126.0,1,806.0,603.0,591.0,412.2582587609181,500.9757909232666,571.4796679728101
195,195,2025-08-15,734.0,1,921.0,391.0,136.0,492.6936940706886,516.009610863701,575.0127186690534
196,196,2025-08-16,994.0,0,529.0,449.0,801.0,618.0202705530164,546.8477004853978,584.1211378284218
197,197,2025-08-17,689.0,0,0.0,557.0,792.0,635.7652029147623,556.0188165831141,586.4011130930213
198,198,2025-08-18,848.0,1,377.0,676.0,0.0,688.8239021860718,574.8563122874294,592.088045417086
199,199,2025-08-19,966.0,1,800.0,734.0,615.0,758.1179266395538,600.091388914047,600.2165661688886
200,200,2025-08-20,358.0,1,557.0,519.0,426.0,658.0884449796654,584.4725896292698,594.9509886434779
201,201,2025-08-21,402.0,1,755.0,689.0,379.0,594.066333734749,572.7001644918976,590.7564019338371
202,202,2025-08-22,830.0,1,761.0,129.0,252.0,653.0497503010617,589.3001538795171,595.9573497178842
203,203,2025-08-23,0.0,0,632.0,936.0,628.0,489.7873127257963,551.2807891130967,583.0017551587998
204,204,2025-08-24,426.0,0,422.0,0.0,979.0,473.84048454434725,543.1981575574131,579.5886735249129
205,205,2025-08-25,363.0,1,715.0,238.0,584.0,446.13036340826045,531.5724699730639,574.8802241004583
206,206,2025-08-26,393.0,1,916.0,696.0,373.0,432.8477725561953,522.632310619963,570.926306185231
207,207,2025-08-27,424.0,1,224.0,422.0,430.0,430.6358294171465,516.2689357412557,567.7322560507696
208,208,2025-08-28,552.0,1,760.0,292.0,855.0,460.9768720628599,518.5741656934329,567.3902504844485
209,209,2025-08-29,813.0,1,0.0,267.0,371.0,548.9826540471449,537.5693808099857,572.7295928652214
210,210,2025-08-30,507.0,0,939.0,396.0,0.0,538.4869905353587,535.5971626932125,571.3006886724992
211,211,2025-08-31,889.0,0,428.0,974.0,899.0,626.115242901519,558.3973457452632,578.2071954404884
212,212,2025-09-01,445.0,1,217.0,785.0,687.0,580.8364321761392,551.0813879552463,575.311386843956
213,213,2025-09-02,177.0,1,457.0,338.0,131.0,479.8773241321044,526.9471048613594,566.6524436516961
214,214,2025-09-03,303.0,1,573.0,508.0,987.0,435.6579930990783,512.4989045477233,560.9208687897027
215,215,2025-09-04,0.0,1,331.0,868.0,858.0,326.7434948243087,479.43445909303153,548.7269368594917
216,216,2025-09-05,146.0,1,450.0,0.0,833.0,281.5576211182315,457.9225585063844,539.9720034495027
217,217,2025-09-06,724.0,0,743.0,779.0,683.0,392.16821583867363,475.08884505435964,543.9726120701657
218,218,2025-09-07,182.0,0,533.0,259.0,371.0,339.6261618790052,456.1798873089171,536.1036422425534
219,219,2025-09-08,214.0,1,735.0,737.0,978.0,308.21962140925393,440.5553784502773,529.101389150324
220,220,2025-09-09,263.0,1,943.0,463.0,217.0,296.91471605694045,429.10019274380784,523.3165763427083
221,221,2025-09-10,355.0,1,0.0,792.0,159.0,311.4360370427053,424.31953514743316,519.6575203352581
222,222,2025-09-11,209.0,1,462.0,521.0,0.0,285.827027782029,410.42795223469557,512.9040959801439
223,223,2025-09-12,408.0,1,555.0,417.0,315.0,316.37027083652174,410.2713101550378,510.6235721544886
224,224,2025-09-13,707.0,0,126.0,114.0,603.0,414.0277031273913,429.41509659664825,514.8926249337388
225,225,2025-09-14,284.0,0,734.0,806.0,391.0,381.5207773455435,420.03347746138064,509.87322004387494
226,226,2025-09-15,198.0,1,994.0,921.0,449.0,335.6405830091576,405.7087369800012,503.09336743422546
227,227,2025-09-16,0.0,1,689.0,529.0,557.0,251.73043725686819,379.53397975548506,492.15655509869885
228,228,2025-09-17,689.0,1,848.0,0.0,676.0,361.0478279426511,399.4995294486796,496.43576042264016
229,229,2025-09-18,167.0,1,966.0,377.0,734.0,312.53587095698833,384.4995598068293,489.2741134569306
230,230,2025-09-19,766.0,1,358.0,800.0,519.0,425.9019032177413,409.1124914321952,495.28989359917125
231,231,2025-09-20,435.0,0,402.0,557.0,689.0,428.176427413306,410.7826532752794,493.9792437383197
232,232,2025-09-21,797.0,0,830.0,755.0,129.0,520.3823205599795,435.6999014510679,500.56665148313886
233,233,2025-09-22,284.0,1,0.0,761.0,936.0,461.2867404199846,425.91281103487,495.8586807987228
234,234,2025-09-23,397.0,1,426.0,632.0,0.0,445.21505531498843,424.04746838745905,493.7095790422288
235,235,2025-09-24,248.0,1,363.0,422.0,238.0,395.91129148624134,412.68956720117137,488.3680664543543
236,236,2025-09-25,429.0,1,393.0,715.0,696.0,404.18346861468103,413.7418531881926,487.07745631404225
237,237,2025-09-26,307.0,1,424.0,916.0,422.0,379.8876014610108,406.8552820147608,483.1627290028674
238,238,2025-09-27,305.0,0,552.0,224.0,292.0,361.1657010957581,400.2839734976795,479.28962619845726
239,239,2025-09-28,0.0,0,813.0,760.0,267.0,270.87427582181857,374.45920101395825,468.8702864984908
240,240,2025-09-29,621.0,1,507.0,0.0,396.0,358.4057068663639,390.36505901305776,472.1774541833062
241,241,2025-09-30,823.0,1,889.0,939.0,974.0,474.5542801497729,418.27699068963466,479.80403126627783
242,242,2025-10-01,465.0,1,445.0,428.0,785.0,472.1657101123297,421.2913783870776,479.4822044996196
243,243,2025-10-02,666.0,1,177.0,217.0,338.0,520.6242825842473,437.0790313943629,483.53693918441047
244,244,2025-10-03,753.0,1,303.0,457.0,508.0,578.7182119381855,457.46102936892015,489.39483181083637
245,245,2025-10-04,616.0,0,0.0,573.0,868.0,588.0386589536391,467.6893500547963,492.1471180758182
246,246,2025-10-05,102.0,0,146.0,331.0,0.0,466.5289942152293,444.0964887609385,483.6656589872134
247,247,2025-10-06,694.0,1,724.0,450.0,779.0,523.396745661422,460.21929593765213,488.2381446614044
248,248,2025-10-07,967.0,1,182.0,743.0,259.0,634.2975592460665,492.91482523199716,498.64601108180864
249,249,2025-10-08,748.0,1,214.0,533.0,737.0,662.7231694345498,509.37193328154575,504.0667499713345
250,250,2025-10-09,208.0,1,263.0,735.0,463.0,549.0423770759123,489.9285827472525,497.6305162763055
251,251,2025-10-10,0.0,1,355.0,943.0,792.0,411.78178280693425,458.32028708613944,486.8124615746467
252,252,2025-10-11,987.0,0,209.0,0.0,521.0,555.5863371052008,492.42865566122725,497.6861037143283
253,253,2025-10-12,461.0,0,408.0,462.0,417.0,531.9397528289005,490.4010004572771,496.8885797205386
254,254,2025-10-13,220.0,1,707.0,555.0,114.0,453.9548146216754,472.95577462132377,490.8692627700921
255,255,2025-10-14,283.0,1,284.0,126.0,806.0,411.21611096625657,460.70056335543194,486.350365753351
256,256,2025-10-15,484.0,1,198.0,734.0,921.0,429.4120832246924,462.2037528163719,486.2992708456695
257,257,2025-10-16,572.0,1,0.0,994.0,529.0,465.0590624185193,469.2873816669285,488.1623301751115
258,258,2025-10-17,454.0,1,689.0,689.0,0.0,462.2942968138895,468.3010989787396,487.41967082347867
259,259,2025-10-18,482.0,0,167.0,848.0,377.0,467.2207226104171,469.18489904462746,487.3018518925335
260,260,2025-10-19,512.0,0,766.0,966.0,800.0,478.4155419578128,471.9471636223934,487.8387681557393
261,261,2025-10-20,719.0,1,435.0,358.0,557.0,538.5616564683596,487.8860562919164,492.8640123262667
262,262,2025-10-21,184.0,1,797.0,402.0,755.0,449.9212423512697,468.2805042730831,486.14957727569566
263,263,2025-10-22,0.0,1,284.0,830.0,761.0,337.4409317634523,438.06885883611005,475.5811082044849
264,264,2025-10-23,244.0,1,397.0,0.0,632.0,314.0806988225892,425.54828729829654,470.54673628699607
265,265,2025-10-24,424.0,1,248.0,426.0,422.0,341.5605241169419,425.44839779518065,469.5348507155396
266,266,2025-10-25,798.0,0,429.0,363.0,715.0,455.67039308770643,449.4839850342013,476.6753974391148
267,267,2025-10-26,575.0,0,307.0,393.0,916.0,485.5027948157798,457.58179245134966,478.81288879913404
268,268,2025-10-27,641.0,1,305.0,424.0,224.0,524.3770961118348,469.41522519642393,482.33869556437025
269,269,2025-10-28,401.0,1,0.0,552.0,760.0,493.5328220838761,465.0013396998805,480.57046305210133
270,270,2025-10-29,661.0,1,621.0,813.0,0.0,535.3996165629071,477.6464145579527,484.49284429009913
271,271,2025-10-30,123.0,1,823.0,507.0,939.0,432.29971242218033,454.76600071550416,476.6343041968361
272,272,2025-10-31,840.0,1,465.0,889.0,428.0,534.2247843166352,479.6198071209555,484.5335584534266
273,273,2025-11-01,850.0,0,666.0,445.0,217.0,613.1685882374765,503.51530343573256,492.4784810957434
274,274,2025-11-02,116.0,0,753.0,177.0,457.0,488.87644117810737,478.5143161172982,484.29416628931426
275,275,2025-11-03,0.0,1,616.0,303.0,573.0,366.6573308835805,447.6424247548919,473.7660322395466
276,276,2025-11-04,383.0,1,102.0,0.0,331.0,370.7429981626854,443.4719457384473,471.7928576256434
277,277,2025-11-05,984.0,1,694.0,146.0,450.0,524.0572486220141,478.34472343274103,482.92779550334683
278,278,2025-11-06,242.0,1,967.0,724.0,743.0,453.5429364665106,463.096676759661,477.69023473153493
279,279,2025-11-07,277.0,1,748.0,182.0,533.0,409.40720234988294,451.0904395493603,473.327403541719
280,280,2025-11-08,393.0,0,208.0,214.0,735.0,405.3054017624122,447.34266925585325,471.5811556386381
281,281,2025-11-09,775.0,0,0.0,263.0,943.0,497.72905132180915,468.48185188450793,478.17721747258076
282,282,2025-11-10,239.0,1,987.0,355.0,0.0,433.0467884913569,453.67657111776555,472.977712744916
283,283,2025-11-11,482.0,1,461.0,209.0,462.0,445.28509136851767,455.50388911016785,473.17384942437434
284,284,2025-11-12,421.0,1,220.0,408.0,555.0,439.21381852638825,453.27783174822156,472.0396353064532
285,285,2025-11-13,659.0,1,283.0,707.0,126.0,494.1603638947912,466.5502296999492,476.10399106066075
286,286,2025-11-14,689.0,1,484.0,284.0,734.0,542.8702729210934,480.9018277838235,480.7321651680377
287,287,2025-11-15,0.0,0,572.0,198.0,994.0,407.15270469082003,449.87590341067363,470.2814659252543
288,288,2025-11-16,473.0,0,454.0,0.0,689.0,423.61452851811504,451.367780609985,470.3405644920966
289,289,2025-11-17,681.0,1,482.0,689.0,848.0,487.96089638858626,466.182762506115,474.92011743792057
290,290,2025-11-18,885.0,1,512.0,167.0,966.0,587.2206722914398,493.20322944120437,483.834897493618
291,291,2025-11-19,929.0,1,719.0,766.0,358.0,672.6655042185798,521.319150122417,493.5123997220176
292,292,2025-11-20,996.0,1,184.0,435.0,402.0,753.4991281639349,551.9437210822612,504.4360432063216
293,293,2025-11-21,212.0,1,0.0,797.0,830.0,618.1243461229511,530.0118681092121,498.07873791922765
294,294,2025-11-22,172.0,0,244.0,284.0,0.0,506.59325959221337,506.91432823119845,490.99006970359227
295,295,2025-11-23,958.0,0,424.0,397.0,426.0,619.4449446941601,536.0166296356373,501.1424594926446
296,296,2025-11-24,523.0,1,798.0,248.0,363.0,595.3337085206201,535.1768470784995,501.61762341671755
297,297,2025-11-25,525.0,1,575.0,429.0,393.0,577.750281390465,534.5202762992415,502.12593595113674
298,298,2025-11-26,680.0,1,641.0,307.0,424.0,603.3127110428488,543.9060649250969,505.9927634304599
299,299,2025-11-27,0.0,1,401.0,305.0,552.0,452.4845332821366,508.8153510589616,494.99292074718903
300,300,2025-11-28,877.0,1,661.0,0.0,813.0,558.6133999616025,532.5691993777383,503.29742247007624
301,301,2025-11-29,748.0,0,123.0,621.0,507.0,605.9600499712019,546.4679607082069,508.61704372072677
302,302,2025-11-30,702.0,0,840.0,823.0,889.0,629.9700374784014,556.5022858238065,512.8210210311457
303,303,2025-12-01,906.0,1,850.0,465.0,445.0,698.977528108801,579.0505254480771,521.3683901391643
304,304,2025-12-02,528.0,1,116.0,666.0,177.0,656.2331460816008,575.7569431611043,521.5125555709216
305,305,2025-12-03,137.0,1,0.0,753.0,303.0,526.4248595612006,547.4500436023235,513.1535869715538
306,306,2025-12-04,733.0,1,383.0,616.0,0.0,578.0686446709004,559.4210085312059,517.9328568199983
307,307,2025-12-05,192.0,1,984.0,102.0,146.0,481.5514835031753,535.7164273356442,510.847359932607
308,308,2025-12-06,161.0,0,242.0,694.0,724.0,401.41361262738144,511.541173959151,503.24198254276774
309,309,2025-12-07,821.0,0,277.0,967.0,182.0,506.31020947053605,531.5062595101735,510.1497655309684
310,310,2025-12-08,364.0,1,393.0,748.0,214.0,470.73265710290207,520.6994040579043,506.9725967150778
311,311,2025-12-09,0.0,1,775.0,208.0,263.0,353.04949282717655,487.1058941186847,495.95145330822834
312,312,2025-12-10,186.0,1,239.0,0.0,355.0,311.28711962038244,467.67970740135024,489.21337823631035
313,313,2025-12-11,695.0,1,482.0,987.0,209.0,407.21533971528686,482.3455327302954,493.6870004485645
314,314,2025-12-12,144.0,1,421.0,461.0,408.0,341.4115047864651,460.51678868317964,486.08510913446526
315,315,2025-12-13,543.0,0,659.0,220.0,707.0,391.8086285898488,465.83828618749067,487.3223893706725
316,316,2025-12-14,303.0,0,689.0,283.0,284.0,369.6064714423866,455.3325903044268,483.3153809060927
317,317,2025-12-15,429.0,1,0.0,484.0,198.0,384.45485358178996,453.6337135105928,482.13461175596024
318,318,2025-12-16,856.0,1,473.0,572.0,0.0,502.3411401863425,479.59282876797397,490.2621201960481
319,319,2025-12-17,303.0,1,681.0,454.0,689.0,452.5058551397569,468.19974304100793,486.1912045396123
320,320,2025-12-18,932.0,1,885.0,482.0,167.0,572.3793913548177,498.1223402641687,495.88270009309895
321,321,2025-12-19,459.0,1,929.0,512.0,766.0,544.0345435161132,495.5983183116417,495.0809022649881
322,322,2025-12-20,640.0,0,996.0,719.0,435.0,568.0259076370849,504.91455583992297,498.23131743314053
323,323,2025-12-21,0.0,0,212.0,184.0,797.0,426.01943072781364,472.33942320508925,487.4002018367679
324,324,2025-12-22,148.0,1,172.0,0.0,284.0,356.51457304586023,451.4142991273416,480.02193657944684
325,325,2025-12-23,926.0,1,958.0,244.0,397.0,498.88592978439516,482.0327314417067,489.717111871198
326,326,2025-12-24,175.0,1,523.0,424.0,248.0,417.9144473382964,462.22416812288697,482.87543552617194
327,327,2025-12-25,863.0,1,525.0,798.0,429.0,529.1858355037223,488.0806734052814,491.1390130147334
328,328,2025-12-26,444.0,1,680.0,575.0,307.0,507.8893766277917,485.23675899203744,490.1142518622392
329,329,2025-12-27,142.0,0,0.0,641.0,305.0,416.41703247084376,463.09245196029315,482.5465507347992
330,330,2025-12-28,247.0,0,877.0,401.0,0.0,374.0627743531328,449.1510034467259,477.42597354491227
331,331,2025-12-29,948.0,1,748.0,661.0,621.0,517.5470807648496,481.3348096759694,487.6558436852403
332,332,2025-12-30,819.0,1,702.0,123.0,823.0,592.9103105736372,503.1196606646165,494.85897751816987
333,333,2025-12-31,548.0,1,906.0,840.0,465.0,581.6827329302279,506.0151664281897,496.0142171373401
334,334,2026-01-01,328.0,1,528.0,850.0,666.0,518.2620496976709,494.53031698120975,492.3617341560936
335,335,2026-01-02,0.0,1,137.0,116.0,753.0,388.69653727325317,462.62513524048654,481.6582181961785
336,336,2026-01-03,277.0,0,733.0,0.0,616.0,360.7724029549399,450.649320063681,477.2091264962616
337,337,2026-01-04,417.0,0,192.0,383.0,102.0,374.8293022162049,448.4783961886048,475.90023244199506
338,338,2026-01-05,542.0,1,161.0,984.0,694.0,416.62197666215366,454.5120480474045,477.33718391064735
339,339,2026-01-06,711.0,1,821.0,242.0,967.0,490.21648249661524,471.0596578507978,482.4168103473724
340,340,2026-01-07,479.0,1,364.0,277.0,748.0,487.4123618724614,471.571937989456,482.34253186155996
341,341,2026-01-08,540.0,1,0.0,393.0,208.0,500.5592714043461,475.98665166755563,483.5959550819609
342,342,2026-01-09,658.0,1,186.0,775.0,0.0,539.9194535532596,487.72944833416494,487.3873473627878
343,343,2026-01-10,784.0,0,695.0,239.0,987.0,600.9395901649447,506.84367747389626,493.83544850707506
344,344,2026-01-11,990.0,0,144.0,482.0,461.0,698.2046926237085,538.0150531207416,504.6216344090951
345,345,2026-01-12,638.0,1,543.0,421.0,220.0,683.1535194677814,544.4656948548874,507.5211640958539
346,346,2026-01-13,928.0,1,303.0,659.0,283.0,744.3651396008361,569.209843573927,516.6620083546397
347,347,2026-01-14,0.0,1,429.0,689.0,484.0,558.273854700627,532.4866278594801,505.4302255643215
348,348,2026-01-15,176.0,1,856.0,0.0,572.0,462.70539102547025,509.4874905782234,498.2686989216189
349,349,2026-01-16,996.0,1,303.0,473.0,454.0,596.0290432691027,540.8753944118864,509.0889445972359
350,350,2026-01-17,235.0,0,932.0,681.0,482.0,505.771782451827,521.1414979982163,503.13048927990474
351,351,2026-01-18,839.0,0,459.0,885.0,512.0,589.0788368388703,541.6484981273636,510.4320003825155
352,352,2026-01-19,529.0,1,640.0,929.0,719.0,574.0591276291527,540.8324659901143,510.83565254811305
353,353,2026-01-20,318.0,1,0.0,996.0,184.0,510.04434572186454,526.4561778617199,506.6435731448932
354,354,2026-01-21,591.0,1,148.0,212.0,0.0,530.2832592913984,530.6202954190283,508.47740851130857
355,355,2026-01-22,228.0,1,926.0,172.0,244.0,454.7124444685488,511.0964053919942,502.3800735436714
356,356,2026-01-23,181.0,1,175.0,958.0,424.0,386.28433335141165,489.7998631086398,495.3935502057655
357,357,2026-01-24,891.0,0,863.0,523.0,798.0,512.4632500135588,515.6837429080824,503.9936904186837
358,358,2026-01-25,476.0,0,444.0,525.0,575.0,503.3474375101691,513.1235014301417,503.385131931321
359,359,2026-01-26,0.0,1,142.0,680.0,641.0,377.5105781326268,480.01875940239063,492.44197688933576
360,360,2026-01-27,867.0,1,247.0,0.0,401.0,499.8829335994701,504.9852910538493,500.5845426091328
361,361,2026-01-28,474.0,1,948.0,877.0,661.0,493.4122001996026,502.98624001811714,500.0066177698038
362,362,2026-01-29,835.0,1,819.0,748.0,123.0,578.809150149702,524.4064825975935,507.2890826008951
363,363,2026-01-30,972.0,1,548.0,702.0,840.0,677.1068626122765,553.2834837203294,517.3914938487018
364,364,2026-01-31,973.0,0,328.0,906.0,850.0,751.0801469592074,580.3619686415985,527.2960265911213
365,365,2026-02-01,551.0,0,0.0,528.0,116.0,701.0601102194055,578.467648084076,527.8113303608795
366,366,2026-02-02,901.0,1,277.0,137.0,0.0,751.0450826645541,599.2761869173614,535.9241275269474
367,367,2026-02-03,632.0,1,417.0,733.0,383.0,721.2838119984156,601.3874006646284,538.0127334502746
368,368,2026-02-04,249.0,1,542.0,192.0,984.0,603.2128589988117,578.6527296540073,531.729847940486
369,369,2026-02-05,202.0,1,711.0,161.0,242.0,502.9096442491088,554.3525535472971,524.5618077678668
370,370,2026-02-06,912.0,1,479.0,821.0,277.0,605.1822331868316,577.4265823506973,532.9843771642174
371,371,2026-02-07,0.0,0,540.0,364.0,393.0,453.8866748901237,540.173254457104,521.3977602693432
372,372,2026-02-08,788.0,0,658.0,0.0,775.0,537.4150061675928,556.1620767501942,527.1934611330531
373,373,2026-02-09,641.0,1,784.0,186.0,239.0,563.3112546256946,561.6354911534075,529.6675163258128
374,374,2026-02-10,728.0,1,990.0,695.0,482.0,604.483440969271,572.3686852725426,533.9790920578604
375,375,2026-02-11,938.0,1,638.0,144.0,421.0,687.8625807269532,595.9578023517334,542.7621552739939
376,376,2026-02-12,571.0,1,928.0,543.0,659.0,658.6469355452149,594.3476215548475,543.3760214636898
377,377,2026-02-13,114.0,1,0.0,303.0,689.0,522.4852016589111,563.3574524222768,534.0417601275226
378,378,2026-02-14,849.0,0,176.0,429.0,0.0,604.1139012441834,581.7860038789041,540.8886783856199
379,379,2026-02-15,721.0,0,996.0,856.0,473.0,633.3354259331375,590.7675520157491,544.804141898976
380,380,2026-02-16,450.0,1,235.0,303.0,681.0,587.5015694498532,581.685774466346,542.7431822924765
381,381,2026-02-17,568.0,1,839.0,932.0,885.0,582.6261770873898,580.8028212749688,543.2922435469878
382,382,2026-02-18,103.0,1,529.0,459.0,929.0,462.71963281554235,549.9768328056159,533.7206730350969
383,383,2026-02-19,0.0,1,318.0,640.0,996.0,347.03972461165677,514.4944564955762,522.118049708247
384,384,2026-02-20,179.0,1,591.0,0.0,212.0,305.0297934587426,492.84965285070035,514.6589616711112
385,385,2026-02-21,606.0,0,228.0,148.0,172.0,380.27234509405696,500.1496752474294,516.6446364173914
386,386,2026-02-22,959.0,0,181.0,926.0,958.0,524.9542588205427,529.7529220056598,526.2610573648394
387,387,2026-02-23,546.0,1,891.0,175.0,523.0,530.215694115407,530.8011205859399,526.6901648134299
388,388,2026-02-24,335.0,1,476.0,863.0,525.0,481.41177058655524,518.1687902255567,522.5229873174857
389,389,2026-02-25,390.0,1,0.0,444.0,680.0,458.55882793991645,509.8998360174563,519.6420528105838
390,390,2026-02-26,833.0,1,867.0,142.0,0.0,552.1691209549374,530.7450078872979,526.4541820973102
391,391,2026-02-27,687.0,1,474.0,247.0,877.0,585.8768407162031,540.8259751203755,529.9443085734556
392,392,2026-02-28,540.0,0,835.0,948.0,748.0,574.4076305371523,540.7726864029319,530.1629105609892
393,393,2026-03-01,831.0,0,972.0,819.0,702.0,638.5557229028642,559.497029215646,536.7028472879242
394,394,2026-03-02,619.0,1,973.0,548.0,906.0,633.6667921771482,563.3359305565721,538.4919158251432
395,395,2026-03-03,0.0,1,551.0,328.0,528.0,475.25009413286114,526.9916769722771,526.7855698289445
396,396,2026-03-04,147.0,1,901.0,0.0,137.0,393.1875705996458,502.47608490954957,518.5293617891848
397,397,2026-03-05,898.0,1,632.0,277.0,733.0,519.3906779497344,527.993756850869,526.7787234894199
398,398,2026-03-06,904.0,1,249.0,417.0,192.0,615.5430084623008,552.2522241508129,534.9791860222587
399,399,2026-03-07,777.0,0,202.0,542.0,161.0,655.9072563467256,566.7520806572121,540.240508065253
400,400,2026-03-08,271.0,0,912.0,711.0,821.0,559.6804422600442,547.6713012599727,534.3874535420954
401,401,2026-03-09,941.0,1,0.0,479.0,364.0,655.0103316950331,573.0473463399745,543.2268567259629
402,402,2026-03-10,177.0,1,788.0,540.0,0.0,535.5077487712748,547.4959046406213,535.2654033188767
403,403,2026-03-11,116.0,1,641.0,658.0,186.0,430.63081157845613,519.6574591799362,526.1509380293359
404,404,2026-03-12,376.0,1,728.0,784.0,695.0,416.9731086838421,510.3892360070371,522.8867872026111
405,405,2026-03-13,265.0,1,938.0,990.0,144.0,378.97983151288156,494.5576723936799,517.2805526982065
406,406,2026-03-14,535.0,0,571.0,638.0,543.0,417.9848736346612,497.1668548198941,517.6657580743325
407,407,2026-03-15,0.0,0,114.0,928.0,303.0,313.4886552259959,465.09157386377194,506.412154637934
408,408,2026-03-16,123.0,1,849.0,0.0,429.0,265.8664914194969,443.0211497435286,498.0771077979789
409,409,2026-03-17,753.0,1,721.0,176.0,856.0,387.6498685646227,463.0197852439461,503.6189098023707
410,410,2026-03-18,624.0,1,450.0,996.0,303.0,446.737401423467,473.4056055507883,506.23589002405834
411,411,2026-03-19,694.0,1,568.0,235.0,932.0,508.5530510676003,487.6375019668665,510.3177185017962
412,412,2026-03-20,482.0,1,103.0,839.0,459.0,501.9147883007002,487.2737921625526,509.70211592567017
413,413,2026-03-21,652.0,0,0.0,529.0,640.0,539.4360912255252,497.9012894423879,512.7955481881556
414,414,2026-03-22,111.0,0,179.0,318.0,0.0,432.32706841914387,472.9399159299758,504.06086235797835
415,415,2026-03-23,916.0,1,606.0,591.0,148.0,553.2453013143579,501.52443748288067,513.0160610023701
416,416,2026-03-24,835.0,1,959.0,228.0,926.0,623.6839759857685,523.0389899033399,520.0157118501446
417,417,2026-03-25,195.0,1,546.0,181.0,175.0,516.5129819893264,501.87518410312447,512.9501528968806
418,418,2026-03-26,563.0,1,335.0,891.0,863.0,528.1347364919948,505.8187206126003,514.0381930512962
419,419,2026-03-27,0.0,1,390.0,476.0,444.0,396.1010523689961,473.18525476662614,502.8634497240941
420,420,2026-03-28,224.0,0,833.0,0.0,142.0,353.07578927674706,457.1087867171664,496.8012008170486
421,421,2026-03-29,843.0,0,687.0,867.0,247.0,475.5568419575603,482.0049940257363,504.3272616688519
422,422,2026-03-30,323.0,1,540.0,474.0,948.0,437.41763146817027,471.7466073143985,500.3853646760508
423,423,2026-03-31,921.0,1,831.0,835.0,819.0,558.3132236011277,500.7306971650825,509.5291610961367
424,424,2026-04-01,735.0,1,619.0,972.0,548.0,602.4849177008457,515.8448457350772,514.4307010723077
425,425,2026-04-02,300.0,1,0.0,973.0,328.0,526.8636882756343,501.9193718166852,509.7691640924749
426,426,2026-04-03,470.0,1,147.0,551.0,0.0,512.6477662067257,499.86005750593137,508.90461704698635
427,427,2026-04-04,828.0,0,898.0,901.0,277.0,591.4858246550443,521.0303763765164,515.8414731981388
428,428,2026-04-05,313.0,0,904.0,632.0,417.0,521.8643684912832,507.6090617715799,511.431875954701
429,429,2026-04-06,674.0,1,777.0,249.0,542.0,559.8982763684625,518.3439610121231,514.9659656078596
430,430,2026-04-07,914.0,1,271.0,202.0,711.0,648.4237072763468,543.8701570758572,523.6406185294279
431,431,2026-04-08,0.0,1,941.0,912.0,479.0,486.31778045726014,508.7817598451567,512.2571268222664
432,432,2026-04-09,192.0,1,177.0,0.0,540.0,412.7383353429451,488.3442269519208,505.29501536960845
433,433,2026-04-10,543.0,1,116.0,788.0,658.0,445.30375150720886,491.87040585824855,506.11468894853
434,434,2026-04-11,914.0,0,376.0,641.0,784.0,562.4778136304067,519.1045732222325,514.9817609279097
435,435,2026-04-12,344.0,0,265.0,728.0,990.0,507.858360222805,507.80750398208846,511.26476612512903
436,436,2026-04-13,942.0,1,535.0,938.0,638.0,616.3937701671038,535.8199230800183,520.6285755571914
437,437,2026-04-14,756.0,1,0.0,571.0,928.0,651.2953276253278,550.0250893329204,525.7453456537743
438,438,2026-04-15,821.0,1,123.0,114.0,0.0,693.7214957189958,567.5073416340224,532.1639250960835
439,439,2026-04-16,491.0,1,753.0,849.0,176.0,643.0411217892469,562.5713841092468,531.2690571592121
440,440,2026-04-17,601.0,1,624.0,721.0,996.0,632.5308413419351,565.0506496505857,532.7849472209684
441,441,2026-04-18,334.0,0,694.0,450.0,235.0,557.8981310064513,550.1441561247415,528.4635353248605
442,442,2026-04-19,778.0,0,482.0,568.0,839.0,612.9235982548385,564.8445331489518,533.8882410786679
443,443,2026-04-20,0.0,1,652.0,103.0,529.0,459.69269869112884,528.4029503651485,522.281974968262
444,444,2026-04-21,717.0,1,111.0,0.0,318.0,524.0195240183466,540.5705019544938,526.5149755124303
445,445,2026-04-22,693.0,1,916.0,179.0,591.0,566.26464301376,550.40466311872,530.1342151752036
446,446,2026-04-23,564.0,1,835.0,606.0,228.0,565.6984822603199,551.2817816271897,530.8704278887861
447,447,2026-04-24,935.0,1,195.0,959.0,181.0,658.0238616952399,576.0377957157582,539.6558533694647
448,448,2026-04-25,662.0,0,563.0,546.0,891.0,659.0178962714299,581.5837443792577,542.3155087309981
449,449,2026-04-26,843.0,0,0.0,335.0,476.0,705.0134222035724,598.4493092580153,548.8521281064112
450,450,2026-04-27,153.0,1,224.0,390.0,0.0,567.0100666526794,569.710644144595,540.2466470606197
451,451,2026-04-28,722.0,1,843.0,833.0,867.0,605.7575499895095,579.5357638772018,544.197806907128
452,452,2026-04-29,329.0,1,323.0,687.0,474.0,536.5681624921322,563.3721662077049,539.5195937134948
453,453,2026-04-30,919.0,1,921.0,540.0,835.0,632.1761218690991,586.315897420111,547.7691677632015
454,454,2026-05-01,385.0,1,735.0,831.0,972.0,570.3820914018244,573.3277750059103,544.2307075944362
455,455,2026-05-02,0.0,0,300.0,619.0,973.0,427.7865685513683,536.3388862958516,532.3996052554268
456,456,2026-05-03,355.0,0,470.0,0.0,551.0,409.5899264135262,524.6396033090225,528.5430920977002
457,457,2026-05-04,556.0,1,828.0,147.0,901.0,446.19244481014465,526.6628547084404,529.1399813999241
458,458,2026-05-05,263.0,1,313.0,898.0,632.0,400.3943336076085,509.6523479530572,523.3543296303606
459,459,2026-05-06,379.0,1,674.0,904.0,249.0,395.0457502057063,501.2231642141503,520.2161920297006
460,460,2026-05-07,414.0,1,914.0,777.0,202.0,399.78431265427974,495.59586329710834,517.907144376881
461,461,2026-05-08,481.0,1,0.0,271.0,912.0,420.0882344907098,494.6541946972949,517.1048151512966
462,462,2026-05-09,682.0,0,192.0,941.0,0.0,485.56617586803236,506.74102084585655,520.6894930827901
463,463,2026-05-10,872.0,0,543.0,177.0,788.0,582.1746319010242,530.3061162751562,528.3266780157729
464,464,2026-05-11,864.0,1,914.0,116.0,641.0,652.6309739257681,551.8347539348235,535.6239241458647
465,465,2026-05-12,627.0,1,344.0,376.0,728.0,646.2232304443261,556.684124648706,537.6103605774764
466,466,2026-05-13,738.0,1,942.0,265.0,938.0,669.1674228332446,568.3819230584669,541.9666570866617
467,467,2026-05-14,0.0,1,756.0,535.0,571.0,501.87556712493347,531.7121215708239,530.1847732369516
468,468,2026-05-15,893.0,1,821.0,0.0,114.0,599.6566753437,555.0210169533514,538.0720607752788
469,469,2026-05-16,954.0,0,491.0,123.0,849.0,688.242506507775,580.761596504748,547.1139724975554
470,470,2026-05-17,651.0,0,601.0,753.0,721.0,678.9318798808313,585.2931064076676,549.3723643997826
471,471,2026-05-18,800.0,1,334.0,624.0,450.0,709.1989099106235,599.1451640587858,554.8207912606568
472,472,2026-05-19,916.0,1,778.0,694.0,568.0,760.8991824329676,619.5874115388642,562.672513189773
473,473,2026-05-20,931.0,1,0.0,482.0,103.0,803.4243868247256,639.6785462782923,570.6796324682562
474,474,2026-05-21,329.0,1,717.0,652.0,0.0,684.8182901185442,619.6347690990477,565.4257274145984
475,475,2026-05-22,779.0,1,693.0,111.0,179.0,708.3637175889081,629.9163968991091,570.0686463838463
476,476,2026-05-23,508.0,0,564.0,916.0,606.0,658.2727881916811,622.0508229056182,568.7193279841975
477,477,2026-05-24,479.0,0,935.0,835.0,959.0,613.4545911437608,612.8217375568687,566.7689078106281
478,478,2026-05-25,326.0,1,662.0,195.0,546.0,541.5909433578206,594.3171093273933,561.5348011190927
479,479,2026-05-26,0.0,1,843.0,563.0,335.0,406.19320751836545,555.9740700159485,549.327522833895
480,480,2026-05-27,402.0,1,153.0,0.0,390.0,405.1449056387741,546.0402590471776,546.1247505983756
481,481,2026-05-28,530.0,1,722.0,224.0,833.0,436.35867922908056,545.0054036247791,545.7742125418891
482,482,2026-05-29,772.0,1,329.0,843.0,687.0,520.2690094218104,559.6502162941482,550.6921644431524
483,483,2026-05-30,469.0,0,919.0,323.0,540.0,507.4517570663578,553.8018152429129,548.9162478248229
484,484,2026-05-31,851.0,0,385.0,921.0,831.0,593.3388177997683,572.9758916788539,555.4832859155877
485,485,2026-06-01,313.0,1,0.0,735.0,619.0,523.2541133498262,556.2032535060248,550.211910134814
486,486,2026-06-02,770.0,1,355.0,300.0,0.0,584.9405850123696,569.996591989507,554.989912088405
487,487,2026-06-03,229.0,1,556.0,470.0,147.0,495.95543875927723,547.9968118611517,547.9031748690919
488,488,2026-06-04,598.0,1,263.0,828.0,898.0,521.4665790694579,551.2228239991421,548.9922362849812
489,489,2026-06-05,979.0,1,379.0,313.0,904.0,635.8499343020934,578.8213514830684,558.3402311483512
490,490,2026-06-06,798.0,0,414.0,674.0,777.0,676.38745072657,592.9619094519028,563.550226123387
491,491,2026-06-07,0.0,0,481.0,914.0,271.0,507.2905880449275,554.7063023904898,551.2991342511394
492,492,2026-06-08,171.0,1,682.0,0.0,941.0,423.21794103369564,529.9510570749743,543.0317617674191
493,493,2026-06-09,220.0,1,872.0,192.0,177.0,372.4134557752717,509.9542146830405,536.0093321637795
494,494,2026-06-10,581.0,1,864.0,543.0,116.0,424.56009183145375,514.5378137357476,536.9873901602191
495,495,2026-06-11,189.0,1,627.0,914.0,376.0,365.6700688735903,493.53537413989295,529.4224468958665
496,496,2026-06-12,370.0,1,738.0,344.0,265.0,366.75255165519275,485.5653500018354,525.9567415285651
497,497,2026-06-13,669.0,0,0.0,942.0,535.0,442.31441374139456,497.39984355010404,529.066377582292
498,498,2026-06-14,214.0,0,893.0,756.0,0.0,385.2358103060459,479.1159826759038,522.2171085044162
499,499,2026-06-15,588.0,1,954.0,821.0,123.0,435.9268577295344,486.1407579871358,523.6471713630158
500,500,2026-06-16,548.0,1,651.0,491.0,753.0,463.9451432971508,490.1316768266755,524.1765806812111
501,501,2026-06-17,416.0,1,800.0,601.0,624.0,451.9588574728631,485.34898799914805,521.8249158837936
502,502,2026-06-18,798.0,1,916.0,334.0,694.0,538.4691431046473,505.5200210314611,527.8287220602328
503,503,2026-06-19,0.0,1,931.0,778.0,482.0,403.8518573284855,472.90582612620557,516.3541846241409
504,504,2026-06-20,385.0,0,329.0,0.0,652.0,399.1388929963641,467.23448250516003,513.4986588714421
505,505,2026-06-21,692.0,0,779.0,717.0,111.0,472.3541697472731,481.7354836338594,517.3791228090195
506,506,2026-06-22,241.0,1,508.0,693.0,916.0,414.5156273104548,466.20416210909434,511.3708810088234
507,507,2026-06-23,356.0,1,479.0,564.0,835.0,399.8867204828411,459.0942161665722,507.9932531608055
508,508,2026-06-24,210.0,1,326.0,935.0,195.0,352.4150403621308,443.02362157518047,501.5151389616576
509,509,2026-06-25,412.0,1,0.0,662.0,563.0,367.3112802715981,441.0220976025882,499.56915767988244
510,510,2026-06-26,269.0,1,402.0,843.0,0.0,342.73346020369854,429.92389775725997,494.5567846868415
511,511,2026-06-27,234.0,0,530.0,153.0,224.0,315.5500951527739,417.28364628904967,488.8925067588667
512,512,2026-06-28,187.0,0,772.0,722.0,843.0,283.41257136458046,402.4266368510465,482.32962617715225
513,513,2026-06-29,569.0,1,469.0,329.0,323.0,354.8094285234354,413.1733054413016,484.21376473851853
514,514,2026-06-30,690.0,1,851.0,919.0,921.0,438.60707139257653,431.03309218702407,488.6873785485507
515,515,2026-07-01,0.0,1,313.0,385.0,735.0,328.9553035444324,403.22450559431286,478.0637398844518
516,516,2026-07-02,719.0,1,770.0,0.0,300.0,426.4664776583243,423.5971181366153,483.30148466957246
517,517,2026-07-03,683.0,1,229.0,355.0,470.0,490.59985824374326,440.332787934253,487.6427567419731
518,518,2026-07-04,593.0,0,598.0,556.0,828.0,516.1998936828074,450.1822854868819,489.93313159540844
519,519,2026-07-05,980.0,0,979.0,263.0,313.0,632.1499202621055,484.36407351998633,500.58675916942127
520,520,2026-07-06,654.0,1,798.0,379.0,674.0,637.6124401965792,495.30832684127756,503.9218296222599
521,521,2026-07-07,930.0,1,0.0,414.0,914.0,710.7093301474345,523.3529509160339,513.1843985435152
522,522,2026-07-08,710.0,1,171.0,481.0,0.0,710.5319976105759,535.3946960182253,517.4629985751778
523,523,2026-07-09,105.0,1,220.0,682.0,192.0,559.148998207932,507.627296275114,508.4964116496305
524,524,2026-07-10,306.0,1,581.0,872.0,543.0,495.861748655949,494.6190836122035,504.09431574420375
525,525,2026-07-11,659.0,0,189.0,864.0,914.0,536.6463114919618,505.2243040243194,507.46183061932976
526,526,2026-07-12,387.0,0,370.0,627.0,344.0,499.23473361897135,497.5969295711375,504.84309517108346
527,527,2026-07-13,0.0,1,669.0,738.0,942.0,374.4260502142285,465.4939018568706,493.8682452760599
528,528,2026-07-14,236.0,1,214.0,0.0,756.0,339.81953766067136,450.6878436725564,488.26241385701513
529,529,2026-07-15,538.0,1,588.0,893.0,821.0,389.3646532455035,456.3208860162625,489.3436657296887
530,530,2026-07-16,501.0,1,548.0,954.0,491.0,417.2734899341276,459.2034094990843,489.59706430078245
531,531,2026-07-17,411.0,1,416.0,651.0,601.0,415.7051174505957,456.0935121120466,487.88843246815674
532,532,2026-07-18,377.0,0,798.0,800.0,334.0,406.0288380879468,450.99070487901133,485.47781437102293
533,533,2026-07-19,493.0,0,0.0,916.0,778.0,427.7716285659601,453.7009819835913,485.6413401455659
534,534,2026-07-20,162.0,1,385.0,931.0,0.0,361.3287214244701,434.88156379110154,478.6056588380536
535,535,2026-07-21,528.0,1,692.0,329.0,717.0,402.99654106835254,440.88920483683694,479.6794488633133
536,536,2026-07-22,907.0,1,241.0,779.0,693.0,528.9974058012644,470.960869040912,488.9690260619369
537,537,2026-07-23,604.0,1,356.0,508.0,564.0,547.7480543509483,479.544038780208,491.46969940841655
538,538,2026-07-24,498.0,1,210.0,479.0,935.0,535.3110407632113,480.7347459556785,491.61166246475534
539,539,2026-07-25,0.0,0,412.0,326.0,662.0,401.4832805724085,449.7196010553121,480.9244524111737
540,540,2026-07-26,507.0,0,269.0,0.0,843.0,427.86246042930634,453.4151106646468,481.49131214136565
541,541,2026-07-27,573.0,1,234.0,402.0,153.0,464.14684532197975,461.13026481531483,483.48063144264034
542,542,2026-07-28,474.0,1,187.0,530.0,722.0,466.6101339914848,461.960570311101,483.27453075910466
543,543,2026-07-29,859.0,1,569.0,772.0,329.0,564.7076004936137,487.5760173878042,491.44247574260237
544,544,2026-07-30,951.0,1,690.0,469.0,919.0,661.2807003702103,517.4743388466555,501.4328567047197
545,545,2026-07-31,798.0,1,0.0,851.0,385.0,695.4605252776578,535.5727685984842,507.87996851548667
546,546,2026-08-01,830.0,0,719.0,313.0,0.0,729.0953939582433,554.568073850195,514.8825778955849
547,547,2026-08-02,1000.0,0,683.0,770.0,355.0,796.8215454686825,583.3056174727631,525.4286088108983
548,548,2026-08-03,865.0,1,593.0,229.0,556.0,813.8661591015119,601.4794486035526,532.8105955758788
549,549,2026-08-04,343.0,1,980.0,598.0,263.0,696.1496193261339,584.8033551452588,528.684278280751
550,550,2026-08-05,942.0,1,654.0,979.0,379.0,757.6122144946005,607.848299974597,537.669402665952
551,551,2026-08-06,0.0,1,930.0,798.0,414.0,568.2091608709504,568.6322806213973,525.9809373906053
552,552,2026-08-07,144.0,1,710.0,0.0,481.0,462.1568706532128,541.2366496135652,517.6770039690705
553,553,2026-08-08,325.0,0,105.0,171.0,682.0,427.86765298990963,527.2858980255933,513.4883734480037
554,554,2026-08-09,707.0,0,306.0,220.0,872.0,497.6507397424322,538.8803562174905,517.6951479382644
555,555,2026-08-10,290.0,1,659.0,581.0,864.0,445.73805480682415,522.8235590421687,512.7452534178674
556,556,2026-08-11,429.0,1,387.0,189.0,627.0,441.55354110511814,516.7704262007385,510.92470443052247
557,557,2026-08-12,369.0,1,0.0,370.0,738.0,423.4151558288386,507.2368503168199,507.8393847689894
558,558,2026-08-13,616.0,1,236.0,669.0,0.0,471.56136687162893,514.2538277157348,510.1907024914027
559,559,2026-08-14,648.0,1,538.0,214.0,893.0,515.6710251537218,522.8826130243971,513.1865567850679
560,560,2026-08-15,818.0,0,501.0,588.0,954.0,591.2532688652914,541.922444442178,519.8129359853924
561,561,2026-08-16,704.0,0,411.0,548.0,651.0,619.4399516489685,552.3790609297794,523.8170025944056
562,562,2026-08-17,662.0,1,377.0,416.0,800.0,630.0799637367264,559.4513795794711,526.8209807988751
563,563,2026-08-18,0.0,1,493.0,798.0,916.0,472.55997280254485,523.3577421872473,515.3683507815083
564,564,2026-08-19,886.0,1,162.0,0.0,931.0,575.9199796019086,546.7540168848442,523.4255605471277
565,565,2026-08-20,947.0,1,528.0,385.0,329.0,668.6899847014315,572.5763383761446,532.6337005352336
566,566,2026-08-21,164.0,1,907.0,692.0,779.0,542.5174885260736,546.2165746099417,524.6199244366417
567,567,2026-08-22,103.0,0,604.0,241.0,508.0,432.63811639455525,517.6219568931714,515.4542739054103
568,568,2026-08-23,108.0,0,498.0,356.0,479.0,351.47858729591644,491.1947338678055,506.596572298771
569,569,2026-08-24,248.0,1,0.0,210.0,326.0,325.60894047193733,475.50475103762454,500.9749076835803
570,570,2026-08-25,187.0,1,507.0,412.0,0.0,290.956705353953,456.8915412932617,494.1493662121981
571,571,2026-08-26,457.0,1,573.0,269.0,402.0,332.4675290154647,456.89853862918034,493.3417712945416
572,572,2026-08-27,128.0,1,474.0,234.0,530.0,281.35064676159857,435.67927807245906,485.39955887509507
573,573,2026-08-28,839.0,1,859.0,187.0,772.0,420.76298507119895,461.6999698097198,493.08652498650605
574,574,2026-08-29,710.0,0,951.0,569.0,469.0,493.0722388033992,477.7193265961895,497.80203531288635
575,575,2026-08-30,0.0,0,798.0,690.0,851.0,369.8041791025494,446.8987248803063,486.98025193651927
576,576,2026-08-31,884.0,1,830.0,0.0,313.0,498.3531343269121,475.098807146093,495.6111160248558
